state,key,latitude,longitude
AL,eastaboga,33.605937,-86.021359
AL,fackler,34.792583,-85.909977
AL,hopehull,32.269863,-86.357192
AL,irvington,30.506862,-88.233892
AL,knoxville,33.591772,-85.897188
AR,westhelena,34.544012,-90.642619
AZ,dewey,34.529755,-112.242115
AZ,willowbeach,35.869780,-114.660065
CO,canoncity,38.442251,-105.234880
CO,dumont,39.764689,-105.600337
CT,milldale,41.566137,-72.899967
FL,baker,30.797225,-86.681691
FL,summerfield,29.008592,-82.034809
FL,youngstown,30.364363,-85.438257
GA,athens,33.959768,-83.376398
GA,augusta,33.470971,-81.974843
GA,cusseta,32.305427,-84.772703
GA,ellabell,32.123537,-81.485667
GA,ellenwood,33.610110,-84.287978
GA,fortson,33.377891,-84.288812
GA,macon,32.840695,-83.632402
GA,midland,32.574861,-84.827152
GA,rabungap,34.957214,-83.386454
GA,risingfawn,34.760079,-85.531076
ID,boise,43.616616,-116.200886
IL,edwards,40.745870,-89.744270
IN,grovertown,41.375043,-86.504734
IN,saintcroix,38.223953,-86.586339
KY,glendale,37.601728,-85.905519
KY,isom,37.187876,-82.898772
KY,lexington,38.046407,-84.497039
KY,middlesboro,36.607297,-83.714332
KY,pendleton,38.462288,-85.303568
KY,tollesboro,38.559520,-83.576026
KY,waddy,38.137015,-85.074398
LA,amite,30.726575,-90.508982
LA,bethany,32.373768,-94.037965
MA,bridgewater,41.990221,-70.975443
MA,newtonlowerfalls,42.325800,-71.256341
MA,northbillerica,42.585262,-71.287764
MA,northoxford,42.150095,-71.868405
MD,curtisbay,39.225219,-76.590031
MD,huntvalley,39.492261,-76.658953
MD,millersville,39.059554,-76.648022
MD,newburg,38.377348,-76.953305
MD,nottingham,39.363996,-76.452184
MD,westover,38.124011,-75.706317
MI,middleton,43.183366,-84.708889
MI,newboston,42.162541,-83.402989
MI,newport,42.002267,-83.308542
MI,ottawalake,41.764152,-83.749387
MI,sawyer,41.885321,-86.589467
MI,smithscreek,42.913919,-82.603808
MO,boisdarc,37.256438,-93.507696
MO,ridgedale,36.503954,-93.223792
MS,belden,34.310383,-88.788389
MS,lawrence,32.325144,-89.232839
MT,butte,46.013151,-112.536508
MT,milltown,46.871295,-113.881719
NC,candler,35.544436,-82.683803
NC,hamptonville,36.098468,-80.760345
NC,linwood,35.750694,-80.317831
NC,supply,34.017672,-78.267499
NC,winnabow,34.149337,-78.093605
ND,grassybutte,47.392514,-103.247966
NH,westchesterfield,42.904248,-72.515645
NJ,elizabethport,40.650103,-74.187089
NM,casablanca,35.046318,-107.471394
NM,clinescorners,35.009498,-105.669180
NM,tinnie,33.370556,-105.226367
NV,jean,35.778857,-115.324382
NV,moapa,36.667365,-114.584977
NY,castlecreek,42.227575,-75.918253
NY,gansevoort,43.196205,-73.651397
NY,glenmont,42.604802,-73.769566
NY,harpursville,42.178412,-75.624630
NY,hogansburg,44.973936,-74.663242
NY,irving,42.567559,-79.112817
NY,newhampton,41.409866,-74.411744
NY,westcoxsackie,42.360640,-73.816792
OH,alvada,41.050332,-83.401869
OH,diamond,41.098946,-81.022871
OH,northjackson,41.100127,-80.857174
OK,pryor,36.308428,-95.316914
OK,scoffeyville,36.994525,-95.620255
PA,blakeslee,41.092513,-75.592668
PA,breezewood,39.999012,-78.240422
PA,brogue,39.872355,-76.484639
PA,drums,41.018139,-75.994925
PA,feastervilletrevose,40.148406,-74.993473
PA,greentown,41.321755,-75.305459
PA,lakeariel,41.453975,-75.382681
PA,middleburycenter,41.843684,-77.274420
PA,monroeton,41.712575,-76.474665
PA,tafton,41.404534,-75.182953
PA,waterfall,40.127583,-78.062782
SC,batesburg,33.907920,-81.547326
SC,johnsisland,32.694850,-80.034250
SC,leesville,33.916532,-81.513437
SC,longs,33.938527,-78.733052
SC,roundo,32.937115,-80.540935
SC,townville,34.563714,-82.898477
TN,antioch,36.060060,-86.672219
TN,cedargrove,36.251720,-86.527772
TN,denmark,35.532855,-89.003952
TN,hartford,35.816765,-83.143207
TN,heiskell,36.081816,-84.053982
TN,hurricanemills,35.971174,-87.781969
TN,joelton,36.313108,-86.865277
TN,kodak,35.974532,-83.626840
TN,nashville,36.162277,-86.774298
TN,pioneer,36.417580,-84.314099
TX,chappellhill,30.141529,-96.256719
TX,hankamer,29.858276,-94.626862
TX,lenorah,32.304560,-101.876248
TX,maxwell,29.881897,-97.795642
TX,orla,31.825015,-103.909010
TX,pecos,31.425414,-103.495289
TX,prairiehill,30.248824,-96.377187
TX,roansprairie,30.583655,-95.943324
TX,wall,31.374346,-100.303660
UT,magna,40.703163,-112.081648
VA,chesterfield,37.377793,-77.504670
VA,clearbrook,39.256491,-78.096111
VA,crossjunction,39.320378,-78.293338
VA,doswell,37.860140,-77.464149
VA,drewryville,36.715705,-77.306360
VA,gladstone,37.546809,-78.849462
VA,gumspring,37.775526,-77.896811
VA,henrico,37.629476,-77.518903
VA,lambsburg,36.585408,-80.761182
VA,lanexa,37.423757,-76.901075
VA,providenceforge,37.442426,-77.043958
VA,quinton,37.532789,-77.115445
VA,raphine,37.937355,-79.232810
VA,rockville,37.725978,-77.678324
VA,rosedale,36.959278,-81.931235
VA,rutherglen,37.940875,-77.461865
VA,skippers,36.611817,-77.546646
VA,townsend,37.184981,-75.958473
VA,troy,37.950974,-78.246393
VA,woodford,38.113189,-77.408871
WI,colgate,43.192830,-88.206774
WI,franksville,42.760019,-87.913413
WI,larsen,44.191650,-88.623999
WV,ivydale,38.310097,-81.704569
WV,kearneysville,39.388156,-77.885552
WV,mountnebo,39.602305,-79.707830
WV,teays,38.441757,-81.952912
